{ "x": 127.07248814099299, "y": 37.50259931197 }
